<?xml version="1.0" encoding="UTF-8"?>

<!-- generated on Wed Dec 23 11:33:05 2020 by Eclipse SUMO GUI Version v1_7_0+0656-23c57e3839
<configuration xmlns:xsi="http://www.w3.org/2001/XMLSchema-instance" xsi:noNamespaceSchemaLocation="http://sumo.dlr.de/xsd/sumoConfiguration.xsd">

    <input>
        <net-file value="demo.net.xml"/>
        <route-files value="demo.rou.xml"/>
        <additional-files value="demo.add.xml"/>
    </input>

    <output>
        <tripinfo-output value="tripinfo.xml"/>
    </output>

    <traci_server>
        <remote-port value="57910"/>
    </traci_server>

</configuration>
